{
	"format_version": "1.8.0",
	"animations": {
		"animation.chesnaught.quiet": {
			"loop": true,
			"animation_length": 2,
			"bones": {
				"tail": {
					"rotation": [-30, 0, 0]
				},
				"tail2": {
					"rotation": {
						"0.0": [25, 0, 0],
						"0.3333": [25.18908, 6.79382, 3.18458],
						"2.0": [25, 0, 0]
					}
				},
				"arm_right": {
					"rotation": {
						"0.0": [-30, -32.5, -25],
						"1.0": [-27.06882, -34.89038, -30.27982],
						"2.0": [-30, -32.5, -25]
					}
				},
				"arm_right2": {
					"rotation": {
						"0.0": [0, -42.5, 0],
						"2.0": [0, -42.5, 0]
					}
				},
				"finger_right": {
					"rotation": [0, 0, -17.5]
				},
				"finger_right2": {
					"rotation": [0, 0, -22.5]
				},
				"hand_left": {
					"rotation": [0, 17.5, 0]
				},
				"hand_right": {
					"rotation": [0, -17.5, 0]
				},
				"leg_left": {
					"rotation": [-5, -20, 0]
				},
				"leg_right": {
					"rotation": [-5, 20, 0]
				},
				"finger_right3": {
					"rotation": [0, 0, -17.5]
				},
				"torso": {
					"rotation": {
						"0.0": [2.5, 0, 0],
						"1.0": [7.5, 0, 0],
						"2.0": [2.5, 0, 0]
					}
				},
				"finger_right4": {
					"rotation": [0, 0, -22.5]
				},
				"finger_right5": {
					"rotation": [17.5, 0, 0]
				},
				"finger_right6": {
					"rotation": [22.5, 0, 0]
				},
				"tail3": {
					"rotation": {
						"0.0": [12.5, 0, 0],
						"0.375": [13.08619, 17.07228, 3.90399],
						"0.9167": [12.60443, -7.32123, -1.63219],
						"2.0": [12.5, 0, 0]
					}
				},
				"tail4": {
					"rotation": {
						"0.0": [22.5, 0, 0],
						"0.375": [23.47603, 16.1299, 6.88003],
						"0.9167": [24.14867, -20.70481, -9.00717],
						"2.0": [22.5, 0, 0]
					}
				},
				"shell": {
					"rotation": {
						"0.0": [-12.5, 0, 0],
						"2.0": [-12.5, 0, 0]
					}
				},
				"arm_left": {
					"rotation": {
						"0.0": [-30, 32.5, 25],
						"1.0": [-27.06882, 34.89038, 30.27982],
						"2.0": [-30, 32.5, 25]
					}
				},
				"arm_left2": {
					"rotation": [0, 42.5, 0]
				},
				"finger_left": {
					"rotation": [0, 0, 17.5]
				},
				"finger_left2": {
					"rotation": [0, 0, 22.5]
				},
				"finger_left3": {
					"rotation": [0, 0, 17.5]
				},
				"finger_left4": {
					"rotation": [0, 0, 22.5]
				},
				"finger_left5": {
					"rotation": [17.5, 0, 0]
				},
				"finger_left6": {
					"rotation": [22.5, 0, 0]
				},
				"head": {
					"position": {
						"0.0": [0, -0.3, 0.3],
						"2.0": [0, -0.3, 0.3]
					}
				},
				"shield_right": {
					"scale": 0
				},
				"shield_right2": {
					"scale": 0
				},
				"shield_left": {
					"scale": 0
				},
				"shield_left2": {
					"scale": 0
				},
				"leg_right2": {
					"rotation": [5, 0, 0]
				},
				"leg_left2": {
					"rotation": [5, 0, 0]
				}
			}
		},
		"animation.chesnaught.walk": {
			"loop": true,
			"animation_length": 2,
			"bones": {
				"tail": {
					"rotation": [-30, 0, 0]
				},
				"tail2": {
					"rotation": {
						"0.0": [25, 0, 0],
						"0.3333": [25.18908, 6.79382, 3.18458],
						"2.0": [25, 0, 0]
					}
				},
				"arm_right": {
					"rotation": {
						"0.0": [-10.61586, 2.94353, -61.06303],
						"1.0": [-27.06882, -34.89038, -30.27982],
						"2.0": [-10.61586, 2.94353, -61.06303]
					}
				},
				"arm_right2": {
					"rotation": {
						"0.0": [0, -20, 0],
						"2.0": [0, -20, 0]
					}
				},
				"finger_right": {
					"rotation": [0, 0, -17.5]
				},
				"finger_right2": {
					"rotation": [0, 0, -22.5]
				},
				"hand_left": {
					"rotation": [0, 17.5, 0]
				},
				"hand_right": {
					"rotation": [0, -17.5, 0]
				},
				"leg_left": {
					"rotation": {
						"0.0": [29.82165, 14.61596, -5.74158],
						"0.375": [39.82165, 14.61596, -5.74158],
						"1.0": [-15.17835, 14.61596, -5.74158],
						"2.0": [29.82165, 14.61596, -5.74158]
					}
				},
				"leg_right": {
					"rotation": {
						"0.0": [-14.42209, -24.97035, 1.77416],
						"0.375": [5.57791, -24.97035, 1.77416],
						"1.0": [30.57791, -24.97035, 1.77416],
						"2.0": [-14.42209, -24.97035, 1.77416]
					}
				},
				"finger_right3": {
					"rotation": [0, 0, -17.5]
				},
				"torso": {
					"rotation": {
						"0.0": [2.5, 0, 0],
						"1.0": [7.5, 0, 0],
						"2.0": [2.5, 0, 0]
					}
				},
				"finger_right4": {
					"rotation": [0, 0, -22.5]
				},
				"finger_right5": {
					"rotation": [17.5, 0, 0]
				},
				"finger_right6": {
					"rotation": [22.5, 0, 0]
				},
				"tail3": {
					"rotation": {
						"0.0": [12.5, 0, 0],
						"0.375": [13.08619, 17.07228, 3.90399],
						"0.9167": [12.60443, -7.32123, -1.63219],
						"2.0": [12.5, 0, 0]
					}
				},
				"tail4": {
					"rotation": {
						"0.0": [22.5, 0, 0],
						"0.375": [23.47603, 16.1299, 6.88003],
						"0.9167": [24.14867, -20.70481, -9.00717],
						"2.0": [22.5, 0, 0]
					}
				},
				"shell": {
					"rotation": {
						"0.0": [-12.5, 0, 0],
						"2.0": [-12.5, 0, 0]
					}
				},
				"arm_left": {
					"rotation": {
						"0.0": [-18.23302, 39.73503, 44.79417],
						"1.0": [-21.97649, -4.11286, 48.2323],
						"2.0": [-18.23302, 39.73503, 44.79417]
					}
				},
				"arm_left2": {
					"rotation": {
						"0.0": [0, 22.5, 0],
						"2.0": [0, 22.5, 0]
					}
				},
				"finger_left": {
					"rotation": [0, 0, 17.5]
				},
				"finger_left2": {
					"rotation": [0, 0, 22.5]
				},
				"finger_left3": {
					"rotation": [0, 0, 17.5]
				},
				"finger_left4": {
					"rotation": [0, 0, 22.5]
				},
				"finger_left5": {
					"rotation": [17.5, 0, 0]
				},
				"finger_left6": {
					"rotation": [22.5, 0, 0]
				},
				"head": {
					"position": {
						"0.0": [0, -0.3, 0.3],
						"2.0": [0, -0.3, 0.3]
					}
				},
				"shield_right": {
					"scale": 0
				},
				"shield_right2": {
					"scale": 0
				},
				"shield_left": {
					"scale": 0
				},
				"shield_left2": {
					"scale": 0
				},
				"leg_right2": {
					"rotation": {
						"0.0": [2.5, 0, 0],
						"0.375": [-22.5, 0, 0],
						"1.0": [0, 0, 0],
						"2.0": [2.5, 0, 0]
					}
				},
				"leg_left2": {
					"rotation": {
						"0.0": [-5, 0, 0],
						"0.375": [2.5, 0, 0],
						"1.0": [20, 0, 0],
						"2.0": [-5, 0, 0]
					}
				},
				"chesnaught": {
					"position": {
						"0.0": [0, 2, 0],
						"2.0": [0, 2, 0]
					}
				}
			}
		},
		"animation.chesnaught.sitting": {
			"loop": true,
			"bones": {
				"arm_right": {
					"rotation": [26.7244, -70.44173, -39.75368],
					"position": [-2, 0, -2]
				},
				"arm_right2": {
					"rotation": [84.83683, -71.84676, -135.11939]
				},
				"finger_right5": {
					"rotation": [30, 0, 0]
				},
				"finger_right6": {
					"rotation": [37.5, 0, 0]
				},
				"tail": {
					"rotation": [-25, 0, 0]
				},
				"tail2": {
					"rotation": [25, 0, 0]
				},
				"tail3": {
					"rotation": [12.5, 0, 0]
				},
				"tail4": {
					"rotation": [22.5, 0, 0]
				},
				"shield_right": {
					"rotation": [0, -90, 0],
					"position": [0, 0, 0]
				},
				"shield_right2": {
					"rotation": [0, 90, 0]
				},
				"arm_left": {
					"rotation": [26.7244, 70.44173, 39.75368],
					"position": [2, 0, -2]
				},
				"arm_left2": {
					"rotation": [84.83683, 71.84676, 135.11939]
				},
				"finger_left5": {
					"rotation": [30, 0, 0]
				},
				"finger_left6": {
					"rotation": [37.5, 0, 0]
				},
				"shield_left": {
					"rotation": [0, 90, 0]
				},
				"shield_left2": {
					"rotation": [0, -90, 0]
				}
			}
		}
	}
}