{
	"format_version": "1.8.0",
	"animations": {
		"animation.kingdra.walk": {
			"loop": true,
			"animation_length": 1,
			"bones": {
				"kingdra": {
					"position": [0, "1+(Math.sin(q.anim_time*360)*1)", 0]
				},
				"head": {
					"rotation": [-7.5, 0, 0],
					"position": [0, -0.5, "-1.5+(Math.cos(q.anim_time*360-35)*-1)"]
				},
				"body": {
					"rotation": ["10+(Math.sin(q.anim_time*360+50)*5)", 0, 0]
				},
				"fin": {
					"rotation": ["Math.cos(q.anim_time*360)*-10", 0, 0]
				},
				"tail": {
					"rotation": ["-2.5+(Math.cos(q.anim_time*360)*10)", 0, 0]
				},
				"dorsal_fin": {
					"rotation": [0, -17.5, 0]
				},
				"tail2": {
					"rotation": [-17.5, 0, 0]
				},
				"tail3": {
					"rotation": [-27.5, 0, 0]
				},
				"tail4": {
					"rotation": [-32.5, 0, 0]
				}
			}
		},
		"animation.kingdra.quiet": {
			"loop": true,
			"animation_length": 1,
			"bones": {
				"body": {
					"rotation": [21.27816, 18.98917, -0.39385],
					"position": [0, -11, 0]
				},
				"torso": {
					"rotation": {
						"0.0": [0, 0, 0],
						"0.5": [-12.5, 0, 0],
						"1.0": [0, 0, 0]
					}
				},
				"neck": {
					"rotation": [9.96258, -4.92385, 0.87038]
				},
				"neck2": {
					"rotation": [0, 0, 0]
				},
				"head": {
					"rotation": {
						"0.0": [-31.64859, -10.89198, 7.63577],
						"0.5": [-21.64859, -10.89198, 7.63577],
						"1.0": [-31.64859, -10.89198, 7.63577]
					}
				},
				"horn_right": {
					"rotation": [-5, 0, 0]
				},
				"horn_left": {
					"rotation": [-5, 0, 0]
				},
				"tail": {
					"rotation": [-5.7589, -4.81281, -39.75778]
				},
				"tail2": {
					"rotation": [4.53359, 2.11089, -24.91643]
				},
				"tail3": {
					"rotation": [-36.93414, -17.77935, -22.38326]
				},
				"tail4": {
					"rotation": [-60, 0, 0]
				},
				"right_face_fin": {
					"rotation": [37.69865, 0.32088, 25.44068]
				},
				"right_cheek": {
					"rotation": [19.02822, -55.99845, -17.71293],
					"position": [2, -0.25, 2.5]
				},
				"right_cheek2": {
					"rotation": {
						"0.0": [-7.16996, 28.30017, 4.31998],
						"1.0": [-7.16996, 28.30017, 4.31998]
					},
					"position": {
						"0.0": [-0.25, 0.25, -1],
						"1.0": [-0.25, 0.25, -1]
					}
				},
				"right_cheek3": {
					"rotation": [17.42913, 37.00325, 3.54245],
					"position": [1.25, 0, 0.25]
				},
				"right_cheek4": {
					"rotation": [-15.9153, -1.44235, 7.73017]
				},
				"left_cheek": {
					"rotation": [19.02822, 55.99845, 17.71293],
					"position": [-2, -0.25, 2.5]
				},
				"left_cheek2": {
					"rotation": [-7.16996, -28.30017, -4.31998],
					"position": [0.25, 0.25, -1]
				},
				"left_cheek3": {
					"rotation": [17.42913, -37.00325, -3.54245],
					"position": [-1.25, 0, 0.25]
				},
				"left_cheek4": {
					"rotation": [-15.9153, 1.44235, -7.73017]
				},
				"left_face_fin": {
					"rotation": [37.69865, -0.32088, -25.44068]
				}
			}
		},
		"animation.kingdra.swimming": {
			"loop": true,
			"animation_length": 1,
			"bones": {
				"body": {
					"rotation": [22.5, 0, 0]
				},
				"torso": {
					"rotation": {
						"0.0": [0, 0, 0],
						"1.0": [0, 0, 0]
					}
				},
				"neck": {
					"rotation": {
						"0.0": [-10, 0, 0],
						"0.5": [-2.5, 0, 0],
						"1.0": [-10, 0, 0]
					}
				},
				"neck2": {
					"rotation": {
						"0.0": [-15, 0, 0],
						"1.0": [-15, 0, 0]
					}
				},
				"head": {
					"rotation": [7.5, 0, 0]
				},
				"horn_right": {
					"rotation": [-5, 0, 0]
				},
				"horn_left": {
					"rotation": [-5, 0, 0]
				},
				"left_cheek": {
					"rotation": [19.02822, 55.99845, 17.71293],
					"position": [-2, -0.25, 2.5]
				},
				"left_cheek2": {
					"rotation": [-7.16996, -28.30017, -4.31998],
					"position": [0.25, 0.25, -1]
				},
				"left_cheek3": {
					"rotation": [17.42913, -37.00325, -3.54245],
					"position": [-1.25, 0, 0.25]
				},
				"left_cheek4": {
					"rotation": [-15.9153, 1.44235, -7.73017]
				},
				"tail": {
					"rotation": [-7.5, 0, 0]
				},
				"tail2": {
					"rotation": {
						"0.0": [5, 0, 0],
						"1.0": [5, 0, 0]
					}
				},
				"tail3": {
					"rotation": {
						"0.0": [-55, 0, 0],
						"0.5": [-32.5, 0, 0],
						"1.0": [-55, 0, 0]
					}
				},
				"tail4": {
					"rotation": {
						"0.0": [-40, 0, 0],
						"1.0": [-40, 0, 0]
					}
				},
				"right_face_fin": {
					"rotation": [37.69865, 0.32088, 25.44068]
				},
				"right_cheek": {
					"rotation": [19.02822, -55.99845, -17.71293],
					"position": [2, -0.25, 2.5]
				},
				"right_cheek2": {
					"rotation": [-7.16996, 28.30017, 4.31998],
					"position": [-0.25, 0.25, -1]
				},
				"right_cheek3": {
					"rotation": [17.42913, 37.00325, 3.54245],
					"position": [1.25, 0, 0.25]
				},
				"right_cheek4": {
					"rotation": [-15.9153, -1.44235, 7.73017]
				},
				"left_face_fin": {
					"rotation": [37.69865, -0.32088, -25.44068]
				},
				"dorsal_fin": {
					"rotation": {
						"0.0": [0, -52.5, 0],
						"0.5": [0, 40, 0],
						"1.0": [0, -52.5, 0]
					}
				}
			}
		},
		"animation.kingdra.sink": {
			"loop": true,
			"animation_length": 1,
			"bones": {
				"body": {
					"rotation": [22.5, 0, 0]
				},
				"torso": {
					"rotation": {
						"0.0": [0, 0, 0],
						"1.0": [0, 0, 0]
					}
				},
				"neck": {
					"rotation": {
						"0.0": [-10, 0, 0],
						"0.5": [-2.5, 0, 0],
						"1.0": [-10, 0, 0]
					}
				},
				"neck2": {
					"rotation": {
						"0.0": [-15, 0, 0],
						"1.0": [-15, 0, 0]
					}
				},
				"head": {
					"rotation": [7.5, 0, 0]
				},
				"horn_right": {
					"rotation": [-5, 0, 0]
				},
				"horn_left": {
					"rotation": [-5, 0, 0]
				},
				"left_cheek": {
					"rotation": [19.02822, 55.99845, 17.71293],
					"position": [-2, -0.25, 2.5]
				},
				"left_cheek2": {
					"rotation": [-7.16996, -28.30017, -4.31998],
					"position": [0.25, 0.25, -1]
				},
				"left_cheek3": {
					"rotation": [17.42913, -37.00325, -3.54245],
					"position": [-1.25, 0, 0.25]
				},
				"left_cheek4": {
					"rotation": [-15.9153, 1.44235, -7.73017]
				},
				"tail": {
					"rotation": [-7.5, 0, 0]
				},
				"tail2": {
					"rotation": {
						"0.0": [5, 0, 0],
						"1.0": [5, 0, 0]
					}
				},
				"tail3": {
					"rotation": {
						"0.0": [-55, 0, 0],
						"0.5": [-32.5, 0, 0],
						"1.0": [-55, 0, 0]
					}
				},
				"tail4": {
					"rotation": {
						"0.0": [-40, 0, 0],
						"1.0": [-40, 0, 0]
					}
				},
				"right_face_fin": {
					"rotation": [37.69865, 0.32088, 25.44068]
				},
				"right_cheek": {
					"rotation": [19.02822, -55.99845, -17.71293],
					"position": [2, -0.25, 2.5]
				},
				"right_cheek2": {
					"rotation": [-7.16996, 28.30017, 4.31998],
					"position": [-0.25, 0.25, -1]
				},
				"right_cheek3": {
					"rotation": [17.42913, 37.00325, 3.54245],
					"position": [1.25, 0, 0.25]
				},
				"right_cheek4": {
					"rotation": [-15.9153, -1.44235, 7.73017]
				},
				"left_face_fin": {
					"rotation": [37.69865, -0.32088, -25.44068]
				},
				"dorsal_fin": {
					"rotation": {
						"0.0": [0, -52.5, 0],
						"0.5": [0, 40, 0],
						"1.0": [0, -52.5, 0]
					}
				}
			}
		},
		"animation.kingdra.sitting": {
			"loop": true,
			"animation_length": 1,
			"bones": {
				"body": {
					"rotation": [21.27816, 18.98917, -0.39385],
					"position": [0, -11, 0]
				},
				"torso": {
					"rotation": {
						"0.0": [0, 0, 0],
						"0.5": [-12.5, 0, 0],
						"1.0": [0, 0, 0]
					}
				},
				"neck": {
					"rotation": [9.96258, -4.92385, 0.87038]
				},
				"neck2": {
					"rotation": [0, 0, 0]
				},
				"head": {
					"rotation": {
						"0.0": [-31.64859, -10.89198, 7.63577],
						"0.5": [-21.64859, -10.89198, 7.63577],
						"1.0": [-31.64859, -10.89198, 7.63577]
					}
				},
				"horn_right": {
					"rotation": [-5, 0, 0]
				},
				"horn_left": {
					"rotation": [-5, 0, 0]
				},
				"tail": {
					"rotation": [-5.7589, -4.81281, -39.75778]
				},
				"tail2": {
					"rotation": [4.53359, 2.11089, -24.91643]
				},