{
	"format_version": "1.8.0",
	"animations": {
		"animation.jynx.quiet": {
			"loop": true,
			"animation_length": 1,
			"bones": {
				"leftarm": {
					"rotation": [20.94102, 40.78947, 30.36119]
				},
				"leftforearm": {
					"rotation": [-34.253, 18.04519, -73.39556]
				},
				"lefthand": {
					"rotation": [-22.5, 0, -45]
				},
				"finger10": {
					"rotation": [47.72948, -13.37455, 53.48476]
				},
				"rightarm": {
					"rotation": [20.94102, -40.78947, -30.36119]
				},
				"rightforearm": {
					"rotation": [-34.253, -18.04519, 73.39556]
				},
				"righthand": {
					"rotation": [-22.5, 0, 45]
				},
				"finger5": {
					"rotation": [47.72948, 13.37455, -53.48476]
				},
				"body2": {
					"position": {
						"0.0": [0, 0, 0],
						"0.5": [0, -0.5, 0],
						"1.0": [0, 0, 0]
					}
				}
			}
		},
		"animation.jynx.walk": {
			"loop": true,
			"animation_length": 1,
			"bones": {
				"leftarm": {
					"rotation": {
						"0.0": [55.29218, -19.59663, 45.36205],
						"0.5": [75.29218, -19.59663, 45.36205],
						"1.0": [55.29218, -19.59663, 45.36205]
					}
				},
				"leftforearm": {
					"rotation": {
						"0.0": [-34.253, 18.04519, -73.39556],
						"1.0": [-34.253, 18.04519, -73.39556]
					}
				},
				"lefthand": {
					"rotation": [-22.5, 0, -45]
				},
				"finger10": {
					"rotation": [47.72948, -13.37455, 53.48476]
				},
				"rightarm": {
					"rotation": {
						"0.0": [50.60069, 4.45041, -27.43198],
						"0.5": [25.60069, 4.45041, -27.43198],
						"1.0": [50.60069, 4.45041, -27.43198]
					}
				},
				"rightforearm": {
					"rotation": {
						"0.0": [-21.33926, -54.59036, 41.42927],
						"1.0": [-21.33926, -54.59036, 41.42927]
					}
				},
				"righthand": {
					"rotation": [-22.5, 0, 45]
				},
				"finger5": {
					"rotation": [47.72948, 13.37455, -53.48476]
				},
				"body2": {
					"position": {
						"0.0": [0, 0, 0],
						"0.5": [0, -0.5, 0],
						"1.0": [0, 0, 0]
					}
				}
			}
		}
	}
}