{
	"format_version": "1.8.0",
	"animations": {
		"animation.serpgardevoir.quiet": {
			"loop": true,
			"animation_length": 1,
			"bones": {
				"skirt_front_left2": {
					"rotation": {
						"0.0": [0, 0, 0],
						"0.5": [2.5, 0, 0],
						"1.0": [0, 0, 0]
					}
				},
				"skirt_front_right2": {
					"rotation": {
						"0.0": [0, 0, 0],
						"0.5": [2.5, 0, 0],
						"1.0": [0, 0, 0]
					}
				},
				"skirt_left": {
					"rotation": {
						"0.0": [0, 0, 0],
						"0.5": [0, 0, 2.5],
						"1.0": [0, 0, 0]
					}
				},
				"skirt_right": {
					"rotation": {
						"0.0": [0, 0, 0],
						"0.5": [0, 0, -2.5],
						"1.0": [0, 0, 0]
					}
				},
				"waist": {
					"position": {
						"0.0": [0, 0, 0],
						"0.5": [0, -1, 0],
						"1.0": [0, 0, 0]
					}
				},
				"arm_left": {
					"rotation": {
						"0.0": [0, 0, 62.5],
						"1.0": [0, 0, 62.5]
					}
				},
				"arm_left2": {
					"rotation": {
						"0.0": [43.97491, 37.15276, 57.95554],
						"1.0": [43.97491, 37.15276, 57.95554]
					}
				},
				"arm_right": {
					"rotation": {
						"0.0": [9.47791, -11.13209, -66.73764],
						"1.0": [9.47791, -11.13209, -66.73764]
					}
				},
				"arm_right2": {
					"rotation": {
						"0.0": [23.08658, -27.06807, -43.129],
						"1.0": [23.08658, -27.06807, -43.129]
					}
				}
			}
		},
		"animation.serpgardevoir.walk": {
			"loop": true,
			"animation_length": 1,
			"bones": {
				"skirt_front_left2": {
					"rotation": {
						"0.0": [0, 0, 0],
						"0.5": [2.5, 0, 0],
						"1.0": [0, 0, 0]
					}
				},
				"skirt_front_right2": {
					"rotation": {
						"0.0": [0, 0, 0],
						"0.5": [2.5, 0, 0],
						"1.0": [0, 0, 0]
					}
				},
				"skirt_left": {
					"rotation": {
						"0.0": [0, 0, 0],
						"0.5": [0, 0, 2.5],
						"1.0": [0, 0, 0]
					}
				},
				"skirt_right": {
					"rotation": {
						"0.0": [0, 0, 0],
						"0.5": [0, 0, -2.5],
						"1.0": [0, 0, 0]
					}
				},
				"waist": {
					"position": {
						"0.0": [0, 0, 0],
						"0.5": [0, -1, 0],
						"1.0": [0, 0, 0]
					}
				},
				"arm_left": {
					"rotation": {
						"0.0": [0, 0, 62.5],
						"1.0": [0, 0, 62.5]
					}
				},
				"arm_left2": {
					"rotation": {
						"0.0": [43.97491, 37.15276, 57.95554],
						"1.0": [43.97491, 37.15276, 57.95554]
					}
				},
				"arm_right": {
					"rotation": {
						"0.0": [9.47791, -11.13209, -66.73764],
						"1.0": [9.47791, -11.13209, -66.73764]
					}
				},
				"arm_right2": {
					"rotation": {
						"0.0": [23.08658, -27.06807, -43.129],
						"1.0": [23.08658, -27.06807, -43.129]
					}
				},
				"leg_left": {
					"rotation": {
						"0.0": [10, 0, 0],
						"0.5": [-7.5, 0, 0],
						"1.0": [10, 0, 0]
					}
				},
				"leg_left2": {
					"rotation": {
						"0.0": [17.5, 0, 0],
						"1.0": [17.5, 0, 0]
					}
				},
				"leg_right": {
					"rotation": {
						"0.0": [-12.5, 0, 0],
						"0.5": [12.5, 0, 0],
						"1.0": [-12.5, 0, 0]
					}
				},
				"leg_right2": {
					"rotation": {
						"0.0": [7.5, 0, 0],
						"1.0": [7.5, 0, 0]
					}
				}
			}
		},
		"animation.serpgardevoir.sitting": {
			"loop": true,
			"animation_length": 1,
			"bones": {
				"skirt_front_left2": {
					"rotation": {
						"0.0": [0, 0, 0],
						"0.5": [2.5, 0, 0],
						"1.0": [0, 0, 0]
					}
				},
				"skirt_front_right2": {
					"rotation": {
						"0.0": [0, 0, 0],
						"0.5": [2.5, 0, 0],
						"1.0": [0, 0, 0]
					}
				},
				"skirt_left": {
					"rotation": {
						"0.0": [0, 0, 0],
						"0.5": [0, 0, 2.5],
						"1.0": [0, 0, 0]
					}
				},
				"skirt_right": {
					"rotation": {
						"0.0": [0, 0, 0],
						"0.5": [0, 0, -2.5],
						"1.0": [0, 0, 0]
					}
				},
				"waist": {
					"position": {
						"0.0": [0, 0, 0],
						"0.5": [0, -1, 0],
						"1.0": [0, 0, 0]
					}
				},
				"arm_left": {
					"rotation": {
						"0.0": [0, 0, 62.5],
						"1.0": [0, 0, 62.5]
					}
				},
				"arm_left2": {
					"rotation": {
						"0.0": [43.97491, 37.15276, 57.95554],
						"1.0": [43.97491, 37.15276, 57.95554]
					}
				},
				"arm_right": {
					"rotation": {
						"0.0": [9.47791, -11.13209, -66.73764],
						"1.0": [9.47791, -11.13209, -66.73764]
					}
				},
				"arm_right2": {
					"rotation": {
						"0.0": [23.08658, -27.06807, -43.129],
						"1.0": [23.08658, -27.06807, -43.129]
					}
				}
			}
		}
	}
}