{
	"format_version": "1.8.0",
	"animations": {
		"animation.mrmime.quiet": {
			"loop": true,
			"animation_length": 3,
			"bones": {
				"body": {
					"position": [0, -1.25, 0]
				},
				"torso": {
					"rotation": [0, -7.5, 0]
				},
				"chest": {
					"rotation": {
						"0.0": [0, -2.5, 0],
						"3.0": [0, -2.5, 0]
					},
					"position": {
						"0.0": [0, 0, 0],
						"0.75": [0, -1, 0],
						"1.8333": [0, 0, 0],
						"2.5": [0, -1, 0],
						"3.0": [0, 0, 0]
					}
				},
				"shoulder_left": {
					"rotation": {
						"0.0": [0, 7.5, 0],
						"1.75": [25, 7.5, 0],
						"3.0": [0, 7.5, 0]
					}
				},
				"arm_left": {
					"rotation": {
						"0.0": [17.80232, 36.43129, 28.40086],
						"0.7083": [17.80232, 36.43129, 28.40086],
						"1.2083": [50.17897, 71.32065, 66.25186],
						"3.0": [17.80232, 36.43129, 28.40086]
					}
				},
				"arm_left2": {
					"rotation": [-2.88066, 29.8742, -40.76863]
				},
				"arm_left3": {
					"rotation": {
						"0.0": [-10, 0, -27.5],
						"0.75": [-10, 0, -27.5],
						"1.2083": [10.82347, 37.3021, 2.76071],
						"3.0": [-10, 0, -27.5]
					}
				},
				"wrist_left": {
					"rotation": {
						"0.0": [-15, 0, -37.5],
						"0.75": [-15, 0, -37.5],
						"1.2083": [50.89594, -18.17696, -58.49692],
						"3.0": [-15, 0, -37.5]
					}
				},
				"fingers_left": {
					"rotation": [0, 0, -10]
				},
				"thumb_left": {
					"rotation": [0, 0, -10]
				},
				"thumb_left2": {
					"rotation": [0, 0, 7.5]
				},
				"shoulder_right": {
					"rotation": {
						"0.0": [0, 15, 0],
						"1.75": [25, 15, 0],
						"3.0": [0, 15, 0]
					}
				},
				"arm_right": {
					"rotation": {
						"0.0": [13.71217, -26.94622, -28.30005],
						"1.0": [19.60154, -50.95897, -37.45157],
						"3.0": [13.71217, -26.94622, -28.30005]
					}
				},
				"arm_right2": {
					"rotation": [-8.44236, -27.24513, 43.88714]
				},
				"arm_right3": {
					"rotation": {
						"0.0": [0, 0, 25],
						"1.0": [0, -27.5, 25],
						"3.0": [0, 0, 25]
					}
				},
				"wrist_right": {
					"rotation": {
						"0.0": [-34.41173, 1.83431, 38.06707],
						"1.0": [-4.41173, 1.83431, 38.06707],
						"3.0": [-34.41173, 1.83431, 38.06707]
					}
				},
				"fingers_right": {
					"rotation": [0, 0, 5]
				},
				"thumb_right": {
					"rotation": [0, 0, 2.5]
				},
				"head": {
					"rotation": {
						"0.0": [3.36953, 9.74384, 5.06853],
						"1.75": [0.25356, 10.3016, -12.6959],
						"3.0": [3.36953, 9.74384, 5.06853]
					}
				},
				"legs": {
					"rotation": [0, -5, 0]
				},
				"leg_left1": {
					"rotation": [-15, 0, -27.5]
				},
				"leg_left2": {
					"rotation": [0, -42.5, 0]
				},
				"leg_left4": {
					"rotation": [42.25489, -5.05904, 5.54401]
				},
				"foot_left": {
					"rotation": [27.41063, -2.30644, 4.43745]
				},
				"foot_left2": {
					"rotation": [-40, 0, 0]
				},
				"leg_right1": {
					"rotation": [-18.71679, 38.97517, 15.87319]
				},
				"leg_right2": {
					"rotation": [-5, 0, 0]
				},
				"leg_right3": {
					"rotation": [40, 0, 0]
				},
				"leg_right4": {
					"rotation": [-0.48184, 4.75113, -11.57518]
				},
				"foot_right": {
					"rotation": [20, 0, 0]
				},
				"foot_right2": {
					"rotation": [-25, 0, 0]
				}
			}
		},
		"animation.serpmrmime.new": {
			"loop": true,
			"animation_length": 1,
			"bones": {
				"mr_mime": {
					"position": {
						"0.0": [0, 1, 0],
						"0.5": [0, -1, 0],
						"1.0": [0, 1, 0]
					}
				},
				"shoulder_left": {
					"rotation": {
						"0.0": [0, 22.5, 62.5],
						"0.5": [0, -40, 62.5],
						"1.0": [0, 22.5, 62.5]
					}
				},
				"arm_left2": {
					"rotation": {
						"0.0": [0, 62.5, 0],
						"1.0": [0, 62.5, 0]
					}
				},
				"wrist_left": {
					"rotation": {
						"0.0": [0, 0, -82.5],
						"1.0": [0, 0, -82.5]
					}
				},
				"shoulder_right": {
					"rotation": {
						"0.0": [0, 40, -55],
						"0.5": [0, -12.5, -55],
						"1.0": [0, 40, -55]
					}
				},
				"arm_right2": {
					"rotation": {
						"0.0": [0, -72.5, 0],
						"1.0": [0, -72.5, 0]
					}
				},
				"wrist_right": {
					"rotation": {
						"0.0": [-0.88639, -20.84921, 92.5938],
						"1.0": [-0.88639, -20.84921, 92.5938]
					}
				},
				"head": {
					"rotation": {
						"0.0": [0, 0, -7.5],
						"1.0": [0, 0, -7.5]
					}
				},
				"leg_left1": {
					"rotation": {
						"0.0": [35, 0, 0],
						"0.5": [-80, 0, 0],
						"1.0": [35, 0, 0]
					}
				},
				"leg_left3": {
					"rotation": {
						"0.0": [52.5, 0, 0],
						"1.0": [52.5, 0, 0]
					}
				},
				"leg_right1": {
					"rotation": {
						"0.0": [-25, 0, 0],
						"0.5": [52.5, 0, 0],
						"1.0": [-25, 0, 0]
					}
				},
				"leg_right2": {
					"rotation": {
						"0.0": [-22.5, 0, 0],
						"1.0": [-22.5, 0, 0]
					}
				},
				"leg_right3": {
					"rotation": {
						"0.0": [30, 0, 0],
						"0.5": [65, 0, 0],
						"1.0": [30, 0, 0]
					}
				}
			}
		},
		"animation.mrmime.walk": {
			"loop": true,
			"animation_length": 1,
			"bones": {
				"mr_mime": {
					"position": {
						"0.0": [0, 0, 0],
						"0.25": [0, -1, 0],
						"0.5": [0, 0, 0],
						"0.75": [0, -1, 0],
						"1.0": [0, 0, 0]
					}
				},
				"shoulder_left": {
					"rotation": {
						"0.0": [0, 42.5, 62.5],
						"0.5": [0, -87.5, 62.5],
						"1.0": [0, 42.5, 62.5]
					}
				},
				"arm_left2": {
					"rotation": {
						"0.0": [0, 87.5, 0],
						"1.0": [0, 87.5, 0]
					}
				},
				"shoulder_right": {
					"rotation": {
						"0.0": [-38.18049, 72.77391, -92.86614],
						"0.5": [-21.13047, -59.48264, -37.54126],
						"1.0": [-38.18049, 72.77391, -92.86614]
					}
				},
				"arm_right2": {
					"rotation": {
						"0.0": [0, -92.5, 0],
						"1.0": [0, -92.5, 0]
					}
				},
				"leg_left1": {
					"rotation": {
						"0.0": [57.5, 0, 0],
						"0.5": [-85, 0, 0],
						"1.0": [57.5, 0, 0]
					}
				},
				"leg_left3": {
					"rotation": {
						"0.0": [65, 0, 0],
						"1.0": [65, 0, 0]
					}
				},
				"leg_right1": {
					"rotation": {
						"0.0": [-70, 0, 0],
						"0.5": [60, 0, 0],
						"1.0": [-70, 0, 0]
					}
				},
				"leg_right3": {
					"rotation": {
						"0.0": [37.5, 0, 0],
						"1.0": [37.5, 0, 0]
					}
				}
			}
		}
	}
}