{
	"format_version": "1.8.0",
	"animations": {
		"animation.vibrava.walk": {
			"loop": true,
			"animation_length": 1,
			"bones": {
				"body": {
					"position": [0, -0.75, 0]
				},
				"head": {
					"rotation": {
						"0.0": [7.5, 0, 0],
						"1.0": [7.5, 0, 0]
					}
				},
				"wing_base_left": {
					"rotation": [0, -22.5, 0]
				},
				"leg_front_left": {
					"rotation": {
						"0.0": [13.79978, -39.6087, 22.00704],
						"0.5": [11.69598, -24.97194, 25.91206],
						"1.0": [13.79978, -39.6087, 22.00704]
					}
				},
				"leg_back_left": {
					"rotation": {
						"0.0": [-16.12871, -46.61384, 58.37773],
						"0.5": [-23.28978, -44.07633, 68.42936],
						"1.0": [-16.12871, -46.61384, 58.37773]
					}
				},
				"leg_front_right": {
					"rotation": {
						"0.0": [8.04257, 38.57389, -19.21277],
						"0.5": [6.86062, 23.69836, -21.47916],
						"1.0": [8.04257, 38.57389, -19.21277]
					}
				},
				"leg_back_right": {
					"rotation": {
						"0.0": [-11.04983, 47.53078, -37.34442],
						"0.5": [-21.08704, 44.74575, -51.22862],
						"1.0": [-11.04983, 47.53078, -37.34442]
					}
				},
				"wing_front_left": {
					"rotation": [0, 55, 0]
				},
				"wing_front_left_rotation": {
					"rotation": {
						"0.0": [0, 0, -15],
						"0.0833": [0, 0, 15],
						"0.1667": [0, 0, -15],
						"0.25": [0, 0, 15],
						"0.3333": [0, 0, -15],
						"0.4167": [0, 0, 15],
						"0.5": [0, 0, -15],
						"0.5833": [0, 0, 15],
						"0.6667": [0, 0, -15],
						"0.75": [0, 0, 15],
						"0.8333": [0, 0, -15],
						"0.9167": [0, 0, 15],
						"1.0": [0, 0, -15]
					}
				},
				"wing_back_left": {
					"rotation": [0, -25, 0]
				},
				"wing_back_left_rotation": {
					"rotation": {
						"0.0": [0, 0, 15],
						"0.0833": [0, 0, -15],
						"0.1667": [0, 0, 15],
						"0.25": [0, 0, -15],
						"0.3333": [0, 0, 15],
						"0.4167": [0, 0, -15],
						"0.5": [0, 0, 15],
						"0.5833": [0, 0, -15],
						"0.6667": [0, 0, 15],
						"0.75": [0, 0, -15],
						"0.8333": [0, 0, 15],
						"0.9167": [0, 0, -15],
						"1.0": [0, 0, 15]
					}
				},
				"wing_base_right": {
					"rotation": [0, 20, 0]
				},
				"wing_front_right": {
					"rotation": [0, -55, 0]
				},
				"wing_front_right_rotation": {
					"rotation": {
						"0.0": [0, 0, -15],
						"0.0833": [0, 0, 15],
						"0.1667": [0, 0, -15],
						"0.25": [0, 0, 15],
						"0.3333": [0, 0, -15],
						"0.4167": [0, 0, 15],
						"0.5": [0, 0, -15],
						"0.5833": [0, 0, 15],
						"0.6667": [0, 0, -15],
						"0.75": [0, 0, 15],
						"0.8333": [0, 0, -15],
						"0.9167": [0, 0, 15],
						"1.0": [0, 0, -15]
					}
				},
				"wing_back_right": {
					"rotation": [0, 25, 0]
				},
				"wing_back_right_rotation": {
					"rotation": {
						"0.0": [0, 0, 15],
						"0.0833": [0, 0, -15],
						"0.1667": [0, 0, 15],
						"0.25": [0, 0, -15],
						"0.3333": [0, 0, 15],
						"0.4167": [0, 0, -15],
						"0.5": [0, 0, 15],
						"0.5833": [0, 0, -15],
						"0.6667": [0, 0, 15],
						"0.75": [0, 0, -15],
						"0.8333": [0, 0, 15],
						"0.9167": [0, 0, -15],
						"1.0": [0, 0, 15]
					}
				},
				"antenna_left": {
					"rotation": {
						"0.0": [0, -7.5, 0],
						"1.0": [0, -7.5, 0]
					}
				},
				"antenna_left2": {
					"rotation": {
						"0.0": [-5, 0, 0],
						"1.0": [-5, 0, 0]
					}
				},
				"antenna_right": {
					"rotation": {
						"0.0": [0, 5, 0],
						"1.0": [0, 5, 0]
					}
				},
				"antenna_right2": {
					"rotation": {
						"0.0": [-5, 0, 0],
						"1.0": [-5, 0, 0]
					}
				},
				"vibrava": {
					"position": {
						"0.0": [0, 6, 0],
						"0.25": [2, 4, 0],
						"0.5": [0, 6, 0],
						"0.75": [2, 4, 0],
						"1.0": [0, 6, 0]
					}
				},
				"tail": {
					"rotation": {
						"0.0": [0, 0, 0],
						"0.5": [-2.5, 0, 0],
						"1.0": [0, 0, 0]
					}
				},
				"tail2": {
					"rotation": {
						"0.0": [0, 0, 0],
						"0.5": [-10, 0, 0],
						"1.0": [0, 0, 0]
					}
				},
				"tail3": {
					"rotation": {
						"0.0": [0, 0, 0],
						"0.5": [-15, 0, 0],
						"1.0": [0, 0, 0]
					}
				},
				"tail4": {
					"rotation": {
						"0.0": [0, 0, 0],
						"0.5": [-17.5, 0, 0],
						"1.0": [0, 0, 0]
					}
				},
				"leg_front_left2": {
					"rotation": {
						"0.0": [0, 0, -27.5],
						"1.0": [0, 0, -27.5]
					}
				},
				"leg_back_left2": {
					"rotation": {
						"0.0": [0, 0, -27.5],
						"1.0": [0, 0, -27.5]
					}
				},
				"leg_front_right2": {
					"rotation": {
						"0.0": [0, 0, 25],
						"1.0": [0, 0, 25]
					}
				},
				"leg_back_right2": {
					"rotation": {
						"0.0": [0, 0, 35],
						"1.0": [0, 0, 35]
					}
				}
			}
		},
		"animation.vibrava.quiet": {
			"loop": true,
			"animation_length": 1,
			"bones": {
				"body": {
					"position": [0, -0.75, 0]
				},
				"head": {
					"rotation": {
						"0.0": [7.5, 0, 0],
						"0.4167": [12.5, 0, 0],
						"1.0": [7.5, 0, 0]
					}
				},
				"wing_base_left": {
					"rotation": [0, -22.5, 0]
				},
				"leg_front_left": {
					"rotation": {
						"0.0": [0, 20, 0],
						"1.0": [0, 20, 0]
					}
				},
				"leg_back_left": {
					"rotation": [0, -15, 0]
				},
				"leg_front_right": {
					"rotation": [-0.00002, -15, 0]
				},
				"leg_back_right": {
					"rotation": [0, 15, 0]
				},
				"wing_front_left": {
					"rotation": [0, 55, 0]
				},
				"wing_front_left_rotation": {
					"rotation": {
						"0.0": [180, -87.5, -165],
						"0.5": [243.39128, -84.41125, -228.50045],
						"1.0": [180, -87.5, -165]
					}
				},
				"wing_back_left": {
					"rotation": [0, -25, 0]
				},
				"wing_back_left_rotation": {
					"rotation": {
						"0.0": [0, -30, -15],
						"0.5": [-2.88066, -29.8742, -9.23137],
						"1.0": [0, -30, -15]
					}
				},
				"wing_base_right": {
					"rotation": [0, 20, 0]
				},
				"wing_front_right": {
					"rotation": [0, -55, 0]
				},
				"wing_front_right_rotation": {
					"rotation": {
						"0.0": [0, 75, -15],
						"0.5": [-18.01813, 74.20678, -33.67681],
						"1.0": [0, 75, -15]
					}
				},
				"wing_back_right": {
					"rotation": [0, 25, 0]
				},
				"wing_back_right_rotation": {
					"rotation": {
						"0.0": [0, 30, 15],
						"0.5": [-2.88066, 29.8742, 9.23137],
						"1.0": [0, 30, 15]
					}
				},
				"antenna_left": {
					"rotation": {
						"0.0": [0, -7.5, 0],
						"0.4167": [-10, -7.5, 0],
						"1.0": [0, -7.5, 0]
					}
				},
				"antenna_left2": {
					"rotation": {
						"0.0": [-5, 0, 0],
						"0.4167": [-5.07673, -9.96156, 0.88045],
						"1.0": [-5, 0, 0]
					}
				},
				"antenna_right": {
					"rotation": {
						"0.0": [0, 5, 0],
						"0.4167": [-7.5, 5, 0],
						"1.0": [0, 5, 0]
					}
				},
				"antenna_right2": {
					"rotation": {
						"0.0": [-5, 0, 0],
						"0.4167": [-5.17544, 14.94159, -1.3378],
						"1.0": [-5, 0, 0]
					}
				},
				"tail": {
					"rotation": {
						"0.0": [0, 0, 0],
						"0.4167": [0, 12.5, 0],
						"1.0": [0, 0, 0]
					}
				},
				"tail2": {
					"rotation": {
						"0.0": [0, 0, 0],
						"0.4167": [0, -12.5, 0]
					}
				},
				"tail3": {
					"rotation": {
						"0.0": [0, 0, 0],
						"0.4167": [0, 20, 0]
					}
				},
				"tail4": {
					"rotation": {
						"0.0": [0, 0, 0],
						"0.4167": [0, -15, 0],
						"1.0": [0, 0, 0]
					}
				}
			}
		},
		"animation.vibrava.sitting": {
			"loop": true,
			"animation_length": 1,
			"bones": {
				"body": {
					"position": [0, -0.75, 0]
				},
				"head": {
					"rotation": {
						"0.0": [7.5, 0, 0],
						"0.4167": [12.5, 0, 0],
						"1.0": [7.5, 0, 0]
					}
				},
				"wing_base_left": {
					"rotation": [0, -22.5, 0]
				},
				"leg_front_left": {
					"rotation": {
						"0.0": [0, 20, 0],
						"1.0": [0, 20, 0]
					}
				},
				"leg_back_left": {
					"rotation": [0, -15, 0]
				},
				"leg_front_right": {
					"rotation": [-0.00002, -15, 0]
				},
				"leg_back_right": {
					"rotation": [0, 15, 0]
				},
				"wing_front_left": {
					"rotation": [0, 55, 0]
				},