{
	"format_version": "1.8.0",
	"animations": {
		"animation.scyther.health_bar": {
			"loop": true,
			"bones": {
				"health_hover": {
					"rotation": ["q.camera_rotation(0)", "q.camera_rotation(1)-q.body_y_rotation", 0],
					"position": [0, 31, 0],
					"scale": "query.is_in_ui?0:1.5"
				},
				"bar_green": {
					"scale": ["query.health/query.max_health*1", 1, 1]
				},
				"bar_black": {
					"scale": ["(1)+(query.health/query.max_health*-1)", 1, 1]
				}
			}
		},
		"animation.scyther.quiet": {
			"loop": true,
			"animation_length": 2,
			"bones": {
				"abdomen": {
					"rotation": [2.5, 0, 0]
				},
				"spine": {
					"rotation": [10, 0, 0]
				},
				"thorax": {
					"rotation": [2.5, 0, 0]
				},
				"neck": {
					"rotation": [0, 0, 0]
				},
				"head": {
					"rotation": [0, 0, 0]
				},
				"jaw": {
					"rotation": [0, 0, 0]
				},
				"left_shoulder": {
					"rotation": {
						"0.0": [3.11092, -6.92298, 24.67907],
						"1.0": [0.21073, -7.58381, 47.35333],
						"2.0": [3.11092, -6.92298, 24.67907]
					}
				},
				"left_arm": {
					"rotation": [1.69478, 18.58877, 8.52371]
				},
				"left_upper_leg": {
					"rotation": {
						"0.0": [-15, 0, 0],
						"2.0": [-15, 0, 0]
					}
				},
				"left_scythe": {
					"rotation": [-24.49291, 41.04285, 15.17943]
				},
				"left_wing": {
					"rotation": {
						"0.0": [0, 62.5, 0],
						"0.0417": [0, 10, 0],
						"0.125": [0, 62.5, 0],
						"0.2083": [0, 10, 0],
						"0.25": [0, 62.5, 0],
						"0.3333": [0, 10, 0],
						"0.375": [0, 62.5, 0],
						"0.4167": [0, 10, 0],
						"0.5": [0, 62.5, 0],
						"0.5417": [0, 10, 0],
						"0.625": [0, 62.5, 0],
						"0.6667": [0, 62.5, 0],
						"0.7083": [0, 10, 0],
						"0.7917": [0, 62.5, 0],
						"0.875": [0, 10, 0],
						"0.9167": [0, 62.5, 0],
						"1.0": [0, 10, 0],
						"1.0417": [0, 62.5, 0],
						"1.0833": [0, 10, 0],
						"1.1667": [0, 62.5, 0],
						"1.2083": [0, 10, 0],
						"1.2917": [0, 62.5, 0],
						"1.3333": [0, 62.5, 0],
						"1.375": [0, 10, 0],
						"1.4583": [0, 62.5, 0],
						"1.5417": [0, 10, 0],
						"1.5833": [0, 62.5, 0],
						"1.6667": [0, 10, 0],
						"1.7083": [0, 62.5, 0],
						"1.75": [0, 10, 0],
						"1.8333": [0, 62.5, 0],
						"1.875": [0, 10, 0],
						"1.9583": [0, 62.5, 0],
						"2.0": [0, 62.5, 0]
					}
				},
				"left_upper_wing": {
					"rotation": {
						"0.0": [47.5, 0, 0],
						"2.0": [47.5, 0, 0]
					}
				},
				"left_lower_wing": {
					"rotation": [-17.5, 0, 0]
				},
				"right_wing": {
					"rotation": {
						"0.0": [0, -62.5, 0],
						"0.0417": [0, -7.5, 0],
						"0.125": [0, -62.5, 0],
						"0.2083": [0, -7.5, 0],
						"0.25": [0, -62.5, 0],
						"0.3333": [0, -7.5, 0],
						"0.375": [0, -62.5, 0],
						"0.4167": [0, -7.5, 0],
						"0.5": [0, -62.5, 0],
						"0.5417": [0, -7.5, 0],
						"0.625": [0, -62.5, 0],
						"0.6667": [0, -62.5, 0],
						"0.7083": [0, -7.5, 0],
						"0.7917": [0, -62.5, 0],
						"0.875": [0, -7.5, 0],
						"0.9167": [0, -62.5, 0],
						"1.0": [0, -7.5, 0],
						"1.0417": [0, -62.5, 0],
						"1.0833": [0, -7.5, 0],
						"1.1667": [0, -62.5, 0],
						"1.2083": [0, -7.5, 0],
						"1.2917": [0, -62.5, 0],
						"1.3333": [0, -62.5, 0],
						"1.375": [0, -7.5, 0],
						"1.4583": [0, -62.5, 0],
						"1.5417": [0, -7.5, 0],
						"1.5833": [0, -62.5, 0],
						"1.6667": [0, -7.5, 0],
						"1.7083": [0, -62.5, 0],
						"1.75": [0, -7.5, 0],
						"1.8333": [0, -62.5, 0],
						"1.875": [0, -7.5, 0],
						"1.9583": [0, -62.5, 0],
						"2.0": [0, -62.5, 0]
					}
				},
				"right_shoulder": {
					"rotation": {
						"0.0": [2.80487, 7.05201, -27.19443],
						"1.0": [0.21073, 7.58381, -47.35333],
						"2.0": [2.80487, 7.05201, -27.19443]
					}
				},
				"right_arm": {
					"rotation": [1.69478, -18.58877, -8.52371]
				},
				"right_scythe": {
					"rotation": {
						"0.0": [-24.49291, -41.04285, -15.17943],
						"2.0": [-24.49291, -41.04285, -15.17943]
					}
				},
				"right_upper_wing": {
					"rotation": {
						"0.0": [47.5, 0, 0],
						"2.0": [47.5, 0, 0]
					}
				},
				"right_lower_wing": {
					"rotation": [-17.5, 0, 0]
				},
				"left_lower_leg": {
					"rotation": {
						"0.0": [10, 0, 0],
						"2.0": [10, 0, 0]
					}
				},
				"foot_left1": {
					"rotation": {
						"0.0": [62.5, 0, 0],
						"1.0": [37.5, 0, 0],
						"2.0": [62.5, 0, 0]
					}
				},
				"foot_left2": {
					"rotation": [-2.5, 0, 0]
				},
				"foot_left3": {
					"rotation": [22.5, 0, 0]
				},
				"toes_left": {
					"rotation": [22.5, 0, 0]
				},
				"right_upper_leg": {
					"rotation": [-15, 0, 0]
				},
				"right_lower_leg": {
					"rotation": {
						"0.0": [9.31282, 8.80348, -8.90928],
						"2.0": [9.31282, 8.80348, -8.90928]
					}
				},
				"foot_right1": {
					"rotation": {
						"0.0": [15, 0, 0],
						"1.0": [40, 0, 0],
						"2.0": [15, 0, 0]
					}
				},
				"foot_right2": {
					"rotation": {
						"0.0": [-2.5, 0, 0],
						"2.0": [-2.5, 0, 0]
					}
				},
				"foot_right3": {
					"rotation": {
						"0.0": [52.5, 0, 0],
						"2.0": [52.5, 0, 0]
					}
				},
				"toes_right": {
					"rotation": {
						"0.0": [22.5, 0, 0],
						"2.0": [22.5, 0, 0]
					}
				},
				"scyther": {
					"position": {
						"0.0": [0, 5, 0],
						"1.0": [0, 2, 0],
						"2.0": [0, 5, 0]
					}
				}
			}
		},
		"animation.scyther.walk": {
			"loop": true,
			"animation_length": 2.0417,
			"bones": {
				"abdomen": {
					"rotation": [2.5, 0, 0]
				},
				"spine": {
					"rotation": [10, 0, 0]
				},
				"thorax": {
					"rotation": [2.5, 0, 0]
				},
				"neck": {
					"rotation": [0, 0, 0]
				},
				"head": {
					"rotation": {
						"0.0": [-27.5, 0, 0],
						"2.0": [-27.5, 0, 0]
					}
				},
				"jaw": {
					"rotation": [0, 0, 0]
				},
				"left_shoulder": {
					"rotation": {
						"0.0": [5.29936, -54.3169, 20.7458],
						"1.0": [0.24141, -30.08364, 47.26013],
						"2.0": [5.29936, -54.3169, 20.7458]
					}
				},
				"left_arm": {
					"rotation": {
						"0.0": [24.19478, 18.58877, 8.52371],
						"2.0": [24.19478, 18.58877, 8.52371]
					}
				},
				"left_upper_leg": {
					"rotation": {
						"0.0": [-15, 0, 0],
						"2.0": [-15, 0, 0]
					}
				},
				"left_scythe": {
					"rotation": {
						"0.0": [-18.9247, 15.39735, 26.63212],
						"2.0": [-18.9247, 15.39735, 26.63212]
					}
				},
				"left_wing": {
					"rotation": {
						"0.0": [0, 62.5, 0],
						"0.0417": [0, 10, 0],
						"0.125": [0, 62.5, 0],
						"0.2083": [0, 10, 0],
						"0.25": [0, 62.5, 0],
						"0.3333": [0, 10, 0],
						"0.375": [0, 62.5, 0],
						"0.4167": [0, 10, 0],
						"0.5": [0, 62.5, 0],
						"0.5417": [0, 10, 0],
						"0.625": [0, 62.5, 0],
						"0.6667": [0, 62.5, 0],
						"0.7083": [0, 10, 0],
						"0.7917": [0, 62.5, 0],
						"0.875": [0, 10, 0],
						"0.9167": [0, 62.5, 0],
						"1.0": [0, 10, 0],
						"1.0417": [0, 62.5, 0],
						"1.0833": [0, 10, 0],
						"1.1667": [0, 62.5, 0],
						"1.2083": [0, 10, 0],
						"1.2917": [0, 62.5, 0],
						"1.3333": [0, 62.5, 0],
						"1.375": [0, 10, 0],
						"1.4583": [0, 62.5, 0],
						"1.5417": [0, 10, 0],
						"1.5833": [0, 62.5, 0],
						"1.6667": [0, 10, 0],
						"1.7083": [0, 62.5, 0],
						"1.75": [0, 10, 0],
						"1.8333": [0, 62.5, 0],
						"1.875": [0, 10, 0],
						"1.9583": [0, 62.5, 0],
						"2.0": [0, 62.5, 0],
						"2.0417": [0, 10, 0]
					}
				},
				"left_upper_wing": {
					"rotation": {
						"0.0": [47.5, 0, 0],
						"2.0": [47.5, 0, 0]
					}
				},
				"left_lower_wing": {
					"rotation": [-17.5, 0, 0]
				},
				"right_wing": {
					"rotation": {
						"0.0": [0, -62.5, 0],
						"0.0417": [0, -7.5, 0],
						"0.125": [0, -62.5, 0],
						"0.2083": [0, -7.5, 0],
						"0.25": [0, -62.5, 0],
						"0.3333": [0, -7.5, 0],
						"0.375": [0, -62.5, 0],
						"0.4167": [0, -7.5, 0],
						"0.5": [0, -62.5, 0],
						"0.5417": [0, -7.5, 0],
						"0.625": [0, -62.5, 0],
						"0.6667": [0, -62.5, 0],